{
    "JECBfnp2ZXc_2.avi": [
        {
            "timestamp": 2.1333333333333333,
            "confidence": 0.7978977560997009
        },
        {
            "timestamp": 2.6666666666666665,
            "confidence": 0.9659625291824341
        }
    ],
    "LruY67tu_0.avi": []
}